Company,Location,Number_laid_off,Date,Percentage_laid_off,Industry,Stage,Funds_raised_mil,Country
F-Secure,Helsinki,70,2023-10-25,NULL,Security,Post-IPO,NULL,Finland
"Included Health","SF Bay Area",NULL,2022-07-25,6,Healthcare,"Series E",272,"United States"
&Open,Dublin,9,2022-11-17,9,Marketing,"Series A",35,Ireland
#Paid,Toronto,19,2023-01-27,17,Marketing,"Series B",21,Canada
"100 Thieves","Los Angeles",12,2022-07-13,NULL,Consumer,"Series C",120,"United States"
"10X Genomics","SF Bay Area",100,2022-08-04,8,Healthcare,Post-IPO,242,"United States"
"1K Kirana",Gurugram,600,2023-04-04,40,Retail,"Series B",NULL,India
1stdibs,"New York City",70,2020-04-02,17,Retail,"Series D",253,"United States"
23andMe,"SF Bay Area",200,2024-11-11,40,Healthcare,Post-IPO,1100,"United States"
23andMe,"SF Bay Area",71,2023-08-08,11,Healthcare,Post-IPO,1100,"United States"
23andMe,"SF Bay Area",75,2023-06-09,9,Healthcare,Post-IPO,1100,"United States"
2TM,"Sao Paulo",100,2022-09-01,15,Crypto,Unknown,250,Brazil
2TM,"Sao Paulo",90,2022-06-01,12,Crypto,Unknown,250,Brazil
2U,"Washington D.C.",NULL,2022-07-28,20,Education,Post-IPO,426,"United States"
54gene,"Washington D.C.",95,2022-08-29,30,Healthcare,"Series B",44,"United States"
"5B Solar",Sydney,NULL,2022-06-03,25,Energy,"Series A",12,Australia
6sense,"SF Bay Area",150,2022-10-12,10,Sales,"Series E",426,"United States"
7shifts,Saskatoon,30,2023-09-15,7,Food,"Series C",131,Canada
7Shifts,Saskatoon,68,2024-01-11,19,Food,"Series C",131,Canada
"80 Acres Farms",Cincinnati,NULL,2023-01-18,10,Food,Unknown,275,"United States"
8x8,"SF Bay Area",155,2023-01-18,7,Support,Post-IPO,253,"United States"
8x8,"SF Bay Area",200,2022-10-04,9,Support,Post-IPO,253,"United States"
98point6,Seattle,NULL,2022-07-21,10,Healthcare,"Series E",247,"United States"
99,"Sao Paulo",75,2022-09-20,2,Transportation,Acquired,244,Brazil
Aakash,"New Delhi",80,2024-09-18,NULL,Education,Acquired,NULL,India
ABBYY,Nicosia,200,2024-10-01,NULL,Data,Unknown,6,Cyprus
Abra,"SF Bay Area",12,2022-06-30,5,Crypto,"Series C",106,"United States"
Absci,Portland,30,2023-09-05,15,Healthcare,Post-IPO,238,"United States"
Absci,Vancouver,40,2022-08-09,NULL,Healthcare,Post-IPO,237,Canada
"Absolute Software",Vancouver,40,2023-04-06,5,Security,Post-IPO,NULL,Canada
Acast,Stockholm,70,2022-09-15,15,Media,Post-IPO,126,Sweden
Acko,Mumbai,45,2020-04-01,9,Finance,Unknown,143,India
Acorns,Portland,50,2020-05-26,NULL,Finance,Unknown,207,"United States"
Actifio,Boston,54,2020-12-16,NULL,Data,Acquired,352,"United States"
ActiveCampaign,Chicago,NULL,2022-10-03,15,Marketing,"Series C",360,"United States"
ActiveFence,"New York City",22,2025-03-13,7,Security,"Series B",100,"United States"
Actyv.ai,Bengaluru,NULL,2023-08-02,60,Finance,Seed,12,India
Acxiom,"Little Rock",130,2025-03-19,3,Marketing,Post-IPO,NULL,"United States"
Ada,Toronto,78,2022-09-20,16,Support,"Series C",190,Canada
"Ada Health",Berlin,50,2022-10-17,NULL,Healthcare,"Series B",189,Germany
"Ada Support",Toronto,36,2020-04-24,23,Support,"Series B",60,Canada
"Adaptive Biotechnologies",Seattle,100,2022-03-08,12,Healthcare,Post-IPO,406,"United States"
Adda247,Gurugram,300,2023-10-14,NULL,Education,"Series B",61,India
Addepar,"SF Bay Area",20,2023-01-18,3,Finance,"Series F",491,"United States"
Adjust,Berlin,304,2024-11-22,NULL,Marketing,Acquired,256,Germany
Adobe,"SF Bay Area",100,2022-12-06,NULL,Marketing,Post-IPO,2,"United States"
AdRoll,"Salt Lake City",210,2020-03-31,30,Marketing,"Series C",89,"United States"
Advata,Seattle,32,2022-10-28,21,Healthcare,Unknown,NULL,"United States"
"Advisor Credit Exchange",Philadelphia,NULL,2025-01-14,100,Finance,Unknown,31,"United States"
Adwerx,Durham,40,2022-07-07,NULL,Marketing,Unknown,20,"United States"
AEye,"SF Bay Area",46,2023-03-28,33,Transportation,Post-IPO,314,"United States"
Affirm,Pittsburgh,60,2024-02-21,NULL,Finance,Post-IPO,1500,"United States"
Affirm,"SF Bay Area",NULL,2022-11-03,1,Finance,Post-IPO,1500,"United States"
Affirm,"SF Bay Area",500,2023-02-08,19,Finance,Post-IPO,1500,"United States"
Afterverse,Brasilia,60,2022-06-03,20,Consumer,Unknown,NULL,Brazil
AgentSync,Denver,67,2023-07-19,24,Finance,"Series B",111,"United States"
Agoda,Singapore,1500,2020-05-18,25,Travel,Acquired,NULL,Singapore
Ahead,"SF Bay Area",44,2022-04-14,100,Healthcare,Unknown,9,"United States"
Air,"New York City",NULL,2020-09-16,16,Marketing,"Series A",18,"United States"
Airbnb,"SF Bay Area",1900,2020-05-05,25,Travel,"Private Equity",5400,"United States"
Airbnb,"SF Bay Area",30,2023-03-03,NULL,Travel,Post-IPO,6400,"United States"
Airlift,Lahore,NULL,2022-05-25,31,Logistics,"Series B",109,Pakistan
Airlift,Lahore,NULL,2022-07-12,100,Logistics,"Series B",109,Pakistan
Airmeet,Bengaluru,NULL,2024-03-19,20,Marketing,"Series B",50,India
Airmeet,Bengaluru,75,2023-05-25,30,Marketing,"Series B",50,India
Airtable,"SF Bay Area",237,2023-09-14,27,Product,"Series F",1400,"United States"
Airtable,"SF Bay Area",254,2022-12-08,20,Product,"Series F",1400,"United States"
Airtame,Copenhagen,15,2022-06-15,NULL,Consumer,Unknown,7,Denmark
Airtasker,Sydney,45,2023-04-27,20,Retail,"Series C",26,Australia
Airtime,"New York City",25,2025-06-04,43,Consumer,"Series B",33,"United States"
Airtime,"New York City",30,2022-05-23,20,Consumer,"Series B",33,"United States"
"Airy Rooms",Jakarta,NULL,2020-04-22,70,Travel,Unknown,NULL,Indonesia
"Airy Rooms",Jakarta,NULL,2020-05-07,100,Travel,Unknown,NULL,Indonesia
Aiven,Helsinki,NULL,2023-01-18,20,Infrastructure,"Series D",420,Finland
Ajaib,Jakarta,67,2022-11-28,8,Finance,Unknown,245,Indonesia
Akamai,Boston,250,2024-11-07,2,Security,Post-IPO,35,"United States"
Akamai,Boston,290,2023-05-09,3,Security,Post-IPO,35,"United States"
"Akili Interactive",Boston,NULL,2024-04-30,46,Healthcare,Post-IPO,271,"United States"
"Akili Labs",Boston,NULL,2023-09-13,40,Healthcare,Post-IPO,301,"United States"
"Akili Labs",Boston,46,2023-01-12,30,Healthcare,Post-IPO,301,"United States"
Akseleran,Jakarta,60,2023-07-27,NULL,Finance,"Series A",9,Indonesia
Akudo,Bengaluru,NULL,2023-09-20,100,Finance,Seed,4,India
Akulaku,Jakarta,100,2020-04-15,NULL,Finance,"Series D",160,Indonesia
AlayaCare,Montreal,80,2022-08-16,14,Healthcare,"Series D",293,Canada
Albert,"Los Angeles",20,2022-06-10,8,Finance,"Series C",175,"United States"
"Aleph Farms","Tel Aviv",30,2024-06-05,30,Food,Unknown,119,Israel
Alerzo,Ibadan,100,2023-11-21,NULL,Retail,"Series B",16,Nigeria
Alerzo,Ibadan,400,2023-03-06,NULL,Retail,"Series B",16,Nigeria
"ALI Technologies",Tokyo,NULL,2024-01-16,100,Transportation,Unknown,NULL,Japan
"Alibaba Cloud",Hangzhou,NULL,2023-05-24,7,Data,Subsidiary,NULL,China
Alice,"Sao Paulo",113,2022-12-09,16,Healthcare,"Series C",174,Brazil
Alice,"Sao Paulo",63,2022-07-11,NULL,Healthcare,"Series C",174,Brazil
"AliExpress Russia",Moscow,400,2022-05-14,40,Retail,Acquired,60,Russia
Allbirds,"SF Bay Area",23,2022-07-28,NULL,Retail,Post-IPO,202,"United States"
Alma,"New York City",NULL,2024-10-02,9,Healthcare,"Series D",220,"United States"
AlphaSense,"New York City",150,2024-11-27,8,Other,"Series F",1400,"United States"
Alteryx,"Los Angeles",320,2023-04-27,11,Data,Post-IPO,613,"United States"
"Alto Pharmacy","SF Bay Area",47,2020-09-29,6,Healthcare,"Series D",356,"United States"
Altruist,"SF Bay Area",37,2025-01-07,10,Finance,"Series E",449,"United States"
Alza,"New York City",NULL,2025-01-13,100,Finance,Seed,7,"United States"
Amazon,Seattle,100,2025-05-14,NULL,Retail,Post-IPO,8100,"United States"
Amazon,Seattle,10000,2022-11-16,3,Retail,Post-IPO,108,"United States"
Amazon,Seattle,150,2022-10-28,NULL,Retail,Post-IPO,108,"United States"
Amazon,Seattle,180,2023-11-13,NULL,Retail,Post-IPO,108,"United States"
Amazon,Seattle,30,2024-01-18,NULL,Retail,Post-IPO,108,"United States"
Amazon,Seattle,400,2024-02-06,NULL,Retail,Post-IPO,108,"United States"
Amazon,Seattle,80,2023-07-13,NULL,Retail,Post-IPO,108,"United States"
Amazon,Seattle,8000,2023-01-04,2,Retail,Post-IPO,108,"United States"
Amazon,Seattle,9000,2023-03-20,NULL,Retail,Post-IPO,108,"United States"
"Amber Group","Hong Kong",NULL,2022-09-09,10,Crypto,"Series B",328,"Hong Kong"
"Ambev Tech",Blumenau,50,2023-03-02,NULL,Food,Acquired,NULL,Brazil
AMD,"SF Bay Area",1000,2024-11-13,4,Hardware,Post-IPO,NULL,"United States"
Amdocs,"St. Louis",2000,2023-07-06,6,Support,Post-IPO,NULL,"United States"
Amdocs,"St. Louis",700,2023-01-02,3,Support,Post-IPO,NULL,"United States"
"American Robotics",Boston,50,2023-01-17,65,Other,Acquired,92,"United States"
Amicole,"New York City",NULL,2025-07-17,100,Retail,Seed,5,"United States"
Amount,Chicago,NULL,2022-06-27,18,Finance,Unknown,283,"United States"
Amount,Chicago,130,2023-02-27,25,Finance,Unknown,283,"United States"
Amperity,Seattle,NULL,2024-09-12,13,Marketing,"Series D",187,"United States"
Amperity,Seattle,13,2022-08-20,3,Marketing,"Series D",187,"United States"
Amperity,Seattle,20,2024-01-25,NULL,Marketing,"Series D",187,"United States"
Amplero,Seattle,17,2020-03-29,100,Marketing,"Series B",25,"United States"
Amplitude,"SF Bay Area",99,2023-04-05,13,Data,Post-IPO,311,"United States"
Anagram,"Los Angeles",17,2020-04-03,NULL,Healthcare,"Series A",14,"United States"
"Analog Devices","SF Bay Area",111,2023-12-13,NULL,Manufacturing,Post-IPO,NULL,"United States"
Anaplan,"SF Bay Area",300,2023-06-21,NULL,Other,Acquired,300,"United States"
Anar,Mumbai,NULL,2023-11-25,100,Marketing,Seed,6,India
Ancestry,Lehi,81,2024-03-14,6,Consumer,Post-IPO,33,"United States"
"Anchorage Digital","SF Bay Area",75,2023-03-14,20,Crypto,"Series D",487,"United States"
Andela,"New York City",135,2020-05-05,10,Recruiting,"Series D",181,"United States"
Andgo,Saskatoon,9,2023-09-29,NULL,HR,"Series A",5,Canada
AngelList,"SF Bay Area",20,2020-03-31,NULL,Recruiting,"Series B",26,"United States"
Anodot,"Tel Aviv",15,2022-07-06,20,Data,"Series C",64,Israel
Anodot,"Tel Aviv",35,2022-07-06,27,Data,"Series C",64,Israel
"ANS Commerce",Gurugram,NULL,2025-03-02,100,Retail,Acquired,2,India
AnswerLab,"SF Bay Area",NULL,2023-03-30,17,Marketing,Unknown,NULL,"United States"
"Antidote Health","Tel Aviv",23,2022-10-23,38,Healthcare,Unknown,36,Israel
Anyline,Vienna,NULL,2023-03-29,25,Other,"Series B",37,Austria
Anywell,"Tel Aviv",11,2022-08-14,NULL,"Real Estate","Series A",15,Israel
"Apartment List","SF Bay Area",29,2022-08-31,10,"Real Estate","Series D",169,"United States"
Apollo,"SF Bay Area",NULL,2022-12-15,15,Product,"Series D",183,"United States"
"Apollo Insurance",Vancouver,NULL,2022-11-15,25,Finance,"Series B",11,Canada
"App Annie","SF Bay Area",80,2020-04-28,18,Data,Unknown,156,"United States"
Appcues,Boston,NULL,2023-03-08,15,Data,"Series B",52,"United States"
AppFolio,"Santa Barbara",149,2023-08-17,9,"Real Estate",Post-IPO,30,"United States"
AppFolio,"Santa Barbara",62,2023-05-22,NULL,"Real Estate",Post-IPO,30,"United States"
AppGate,Miami,130,2022-07-21,22,Security,Post-IPO,NULL,"United States"
Appgate,Miami,34,2023-02-01,8,Security,Post-IPO,NULL,"United States"
AppHarvest,Lexington,NULL,2023-07-24,100,Food,Post-IPO,692,"United States"
Apple,"SF Bay Area",100,2024-08-27,NULL,Hardware,Post-IPO,1200,"United States"
Apple,"SF Bay Area",614,2024-04-04,NULL,Hardware,Post-IPO,1200,"United States"
AppLovin,"SF Bay Area",120,2024-11-13,NULL,Marketing,Post-IPO,1600,"United States"
AppLovin,"SF Bay Area",300,2022-06-27,12,Marketing,Post-IPO,1600,"United States"
AppLovin,"SF Bay Area",58,2024-10-15,NULL,Marketing,Post-IPO,1600,"United States"
AppLovin,"SF Bay Area",61,2024-08-15,NULL,Marketing,Post-IPO,1600,"United States"
AppLovin,"SF Bay Area",65,2024-10-03,NULL,Marketing,Post-IPO,1600,"United States"
AppLovin,"SF Bay Area",89,2025-01-15,NULL,Marketing,Post-IPO,1600,"United States"
AppLovin,"SF Bay Area",97,2025-04-16,NULL,Marketing,Post-IPO,1600,"United States"
ApplyBoard,Waterloo,NULL,2024-09-19,4,Education,"Series D",483,Canada
ApplyBoard,Waterloo,90,2022-11-28,6,Education,"Series D",483,Canada
AppsFlyer,"SF Bay Area",100,2025-02-04,7,Data,Unknown,293,"United States"
Appsmith,"SF Bay Area",35,2023-09-22,25,Other,"Series B",51,"United States"
Aptiv,Krakow,250,2024-02-20,NULL,Transportation,Post-IPO,8,Poland
Aqgromalin,Chennai,80,2022-06-20,30,Food,Unknown,12,India
"Aqua Security",Boston,50,2024-07-17,10,Security,"Series E",325,"United States"
"Aqua Security",Boston,65,2022-12-05,10,Security,"Series E",265,"United States"
"Aqua Security","Tel Aviv",24,2020-04-01,9,Security,"Series C",100,Israel
Arc,"SF Bay Area",13,2022-07-20,NULL,HR,Seed,1,"United States"
"Arch Oncology",Brisbane,NULL,2023-01-13,100,Healthcare,"Series C",155,"United States"
Archipelago,"SF Bay Area",40,2023-08-01,30,"Real Estate","Series B",57,"United States"
"Argo AI",Munich,100,2020-06-29,NULL,Transportation,Unknown,3600,Germany
"Argo AI",Pittsburgh,150,2022-07-07,5,Transportation,Unknown,3600,"United States"
"Argo AI",Pittsburgh,173,2022-10-26,NULL,Transportation,Unknown,3600,"United States"
"Argo AI","SF Bay Area",259,2022-11-01,NULL,Transportation,Unknown,3600,"United States"
Argyle,"New York City",20,2022-08-26,7,Finance,"Series B",78,"United States"
"Arkane Studios",Austin,96,2024-05-08,100,Consumer,Unknown,NULL,"United States"
"Arm Holdings",Shanghai,70,2023-12-18,NULL,Hardware,Post-IPO,NULL,China
Armis,"SF Bay Area",25,2022-12-08,4,Security,"Private Equity",537,"United States"
Arrival,London,NULL,2023-10-05,25,Transportation,Post-IPO,629,"United Kingdom"
Arrival,London,NULL,2025-03-10,100,Transportation,Post-IPO,629,"United Kingdom"
Arrival,London,NULL,2022-07-13,30,Transportation,Post-IPO,629,"United Kingdom"
Arrival,London,800,2023-01-30,50,Transportation,Post-IPO,629,"United Kingdom"
"Arrive Logistics",Austin,75,2020-04-03,7,Logistics,"Series B",35,"United States"
Article,Vancouver,216,2022-08-04,17,Retail,"Series B",NULL,Canada
Articulate,"New York City",38,2023-02-02,NULL,Education,"Series A",1500,"United States"
Artifact,"SF Bay Area",NULL,2024-01-12,100,Media,Unknown,NULL,"United States"
Artnight,Berlin,26,2022-08-31,36,Retail,Unknown,NULL,Germany
Artsy,"New York City",35,2023-06-29,15,Retail,"Series D",100,"United States"
Asana,"SF Bay Area",100,2025-02-04,NULL,Other,Post-IPO,453,"United States"
Asana,"SF Bay Area",180,2022-11-15,9,Other,Post-IPO,453,"United States"
Aspiration,"Los Angeles",170,2023-03-24,NULL,Finance,Unknown,250,"United States"
Aspire,"SF Bay Area",23,2022-07-15,NULL,Marketing,"Series A",27,"United States"
Assurance,Seattle,112,2024-05-01,100,Finance,Acquired,NULL,"United States"
Assure,"Salt Lake City",NULL,2022-11-23,100,Finance,Seed,2,"United States"
Astra,"SF Bay Area",NULL,2022-11-08,16,Aerospace,Post-IPO,300,"United States"
Astra,"SF Bay Area",NULL,2023-08-04,25,Aerospace,Post-IPO,300,"United States"
Astra,"SF Bay Area",40,2020-04-05,25,Aerospace,Unknown,100,"United States"
"Astrate Medical",Philadelphia,NULL,2024-02-05,100,Healthcare,"Series A",13,"United States"
Astronomer,Cincinnati,100,2023-04-13,40,Data,"Series C",282,"United States"
Astronomer,Cincinnati,76,2023-01-04,20,Data,"Series C",282,"United States"
At-Bay,"SF Bay Area",27,2023-09-12,9,Security,Unknown,296,"United States"
Atera,"Tel Aviv",20,2024-11-03,6,Other,"Series B",102,Israel
Athennian,Calgary,30,2023-07-05,NULL,Legal,"Series B",47,Canada
"Atlanta Tech Village",Atlanta,NULL,2020-04-02,50,"Real Estate",Unknown,NULL,"United States"
Atlas,Chicago,150,2023-08-23,30,HR,"Series B",220,"United States"
"Atlas Obscura","New York City",15,2020-06-18,NULL,Media,"Series B",32,"United States"
Atlassian,Sydney,500,2023-03-06,5,Other,Post-IPO,210,Australia
Atmosphere,Austin,100,2024-05-15,NULL,Other,"Series D",214,"United States"
AtoB,"SF Bay Area",32,2022-10-19,30,Finance,"Series B",177,"United States"
Atsu,Seattle,6,2020-04-10,100,Infrastructure,Unknown,1,"United States"
Attentive,"New York City",NULL,2023-01-05,15,Marketing,"Series E",863,"United States"
AU10TIX,"Tel Aviv",19,2023-01-31,9,Security,Unknown,80,Israel
Audible,"New York City",100,2024-01-11,5,Media,Acquired,14,"United States"
AudioCodes,"Tel Aviv",80,2023-05-09,6,Other,Post-IPO,91,Israel
AudioCodes,"Tel Aviv",80,2023-07-13,6,Other,Post-IPO,91,Israel
Augury,"New York City",20,2023-01-04,5,Manufacturing,"Series E",274,"United States"
Augury,"New York City",70,2023-08-02,18,Manufacturing,"Series E",274,"United States"
Aura,Boston,70,2022-06-23,9,Security,"Series F",500,"United States"
"Aura Financial","SF Bay Area",NULL,2021-01-11,100,Finance,Unknown,584,"United States"
Aurora,Pittsburgh,NULL,2024-01-24,3,Transportation,Post-IPO,3700,"United States"
"Aurora Solar","SF Bay Area",111,2024-01-30,20,Energy,"Series D",523,"United States"
"Aurora Solar","SF Bay Area",58,2025-01-16,NULL,Energy,"Series D",523,"United States"
Autodesk,"SF Bay Area",1350,2025-02-27,9,Other,Post-IPO,NULL,"United States"
Autodesk,"SF Bay Area",250,2023-02-02,2,Other,Post-IPO,NULL,"United States"
Autograph,"Los Angeles",30,2023-05-04,33,Crypto,"Series B",205,"United States"
Automatic,"SF Bay Area",NULL,2020-05-01,100,Transportation,Acquired,24,"United States"
"Automation Anywhere","SF Bay Area",260,2020-04-27,10,Other,"Series B",840,"United States"
Automattic,"SF Bay Area",281,2025-04-02,16,Other,"Series E",986,"United States"
Automox,Boulder,NULL,2022-04-18,11,Infrastructure,"Series C",152,"United States"
"Ava Labs","New York City",NULL,2023-11-06,12,Crypto,Unknown,640,"United States"
"Avantage Entertainment",Minneapolis,5,2020-04-03,20,Media,Unknown,NULL,"United States"
AvantStay,"Los Angeles",144,2022-11-09,22,Travel,"Private Equity",686,"United States"
AvantStay,"Los Angeles",37,2023-06-20,NULL,Travel,"Private Equity",686,"United States"
AvantStay,"Los Angeles",80,2022-06-29,NULL,Travel,Unknown,811,"United States"
Avast,Phoenix,NULL,2022-11-10,25,Security,Unknown,NULL,"United States"
Avaya,Durham,180,2024-08-01,3,Other,Post-IPO,700,"United States"
Avidbots,Kitchener,50,2023-03-14,14,Hardware,"Series C",106,Canada
Avo,"Tel Aviv",500,2022-05-01,67,Food,"Series B",45,Israel
Avocargo,Berlin,16,2023-04-06,100,Transportation,Seed,NULL,Germany
Away,"New York City",NULL,2024-02-14,25,Retail,"Series D",181,"United States"
Away,"New York City",22,2023-05-31,8,Retail,"Series D",181,"United States"
Away,"New York City",60,2020-04-07,10,Retail,"Series D",181,"United States"
Awok,Dubai,NULL,2020-09-02,100,Retail,"Series A",30,"United Arab Emirates"
"Axios Media","Washington D.C.",50,2024-08-06,10,Media,Acquired,57,"United States"
Aya,Toronto,5,2020-11-19,25,Finance,Seed,3,Canada
Ayoconnect,Jakarta,NULL,2023-08-03,10,Finance,"Series B",43,Indonesia
B8ta,"SF Bay Area",250,2020-03-26,50,Retail,"Series C",88,"United States"
Babylon,London,100,2022-07-12,NULL,Healthcare,Post-IPO,1100,"United Kingdom"
"Babylon Health",London,94,2023-08-09,NULL,Healthcare,Post-IPO,1200,"United Kingdom"
"Back Market",Paris,93,2022-12-23,13,Retail,"Series E",1000,France
Bakkt,Atlanta,NULL,2022-12-08,15,Crypto,Post-IPO,932,"United States"
Bakkt,Atlanta,28,2024-05-03,NULL,Crypto,Post-IPO,932,"United States"
"Bally's Interactive",Providence,NULL,2023-01-18,15,Consumer,Post-IPO,946,"United States"
Balto,"St. Louis",30,2022-06-22,NULL,Sales,"Series B",51,"United States"
Balto,"St. Louis",35,2022-12-12,NULL,Sales,"Series B",51,"United States"
"Bamboo Health",Louisville,52,2022-07-01,NULL,Healthcare,Unknown,NULL,"United States"
Bandcamp,"SF Bay Area",58,2023-10-16,50,Other,Acquired,NULL,"United States"
Banxa,Melbourne,70,2022-06-27,30,Crypto,Post-IPO,13,Australia
Baraja,Sydney,NULL,2023-02-08,75,Transportation,Unknown,63,Australia
Bardee,Melbourne,30,2023-08-03,NULL,Food,Seed,5,Australia
Bark,"New York City",NULL,2023-07-13,8,Retail,Post-IPO,282,"United States"
Bark,"New York City",126,2023-02-09,12,Retail,Post-IPO,NULL,"United States"
"Basis Technologies",Chicago,40,2023-02-21,4,Marketing,"Series B",52,"United States"
Baton,"SF Bay Area",16,2022-06-29,25,Transportation,"Series A",13,"United States"
Beam,Bristol,200,2025-05-01,100,Other,Unknown,NULL,"United Kingdom"
"Beam Benefits",Columbus,31,2023-02-08,8,Healthcare,"Series E",168,"United States"
"Beam Benefits",Columbus,74,2024-01-10,NULL,Healthcare,"Series E",168,"United States"
Beamery,London,NULL,2023-01-10,12,HR,"Series D",223,"United Kingdom"
Beamery,London,NULL,2023-11-16,25,HR,"Series D",223,"United Kingdom"
BeepKart,Bengaluru,130,2024-10-08,40,Retail,"Series A",19,India
BeeTech,"Sao Paulo",30,2020-04-10,NULL,Finance,"Series B",14,Brazil
"Belora Paris",Gurugram,NULL,2023-10-18,100,Retail,Seed,NULL,India
Bench,Vancouver,450,2024-12-27,100,Finance,"Series C",109,Canada
Bench,Vancouver,47,2020-03-27,10,Finance,"Series B",49,Canada
Benchling,"SF Bay Area",74,2023-04-21,9,Other,"Series F",411,"United States"
BenchSci,Toronto,70,2024-01-08,17,Healthcare,"Series D",164,Canada
Benevity,Calgary,137,2023-01-18,14,Other,Unknown,69,Canada
BenevolentAI,London,180,2023-05-25,NULL,Healthcare,"Private Equity",292,"United Kingdom"
"Benitago Group","New York City",NULL,2022-11-04,14,Retail,"Series A",380,"United States"
"Berkeley Lights","SF Bay Area",NULL,2022-08-09,12,Healthcare,Post-IPO,272,"United States"
"Berlin Brands Group",Berlin,100,2022-06-10,10,Retail,Unknown,1000,Germany
Bestow,Dallas,41,2022-06-24,14,Finance,"Series C",137,"United States"
"Better Collective",Copenhagen,300,2024-11-14,NULL,Other,Unknown,NULL,Denmark
"Better Therapeutics","SF Bay Area",NULL,2023-03-27,35,Healthcare,Post-IPO,143,"United States"
Better.com,"New York City",3000,2022-03-08,33,"Real Estate",Unknown,905,"United States"
Better.com,"New York City",900,2021-12-01,9,"Real Estate",Unknown,905,"United States"
Betterfly,Santiago,NULL,2023-01-18,30,Healthcare,"Series C",204,Chile
Betterfly,Santiago,30,2022-08-11,NULL,Healthcare,"Series C",204,Chile
Betterment,"New York City",28,2023-02-15,NULL,Finance,"Series F",435,"United States"
BetterUp,"SF Bay Area",100,2023-08-02,16,HR,"Series E",567,"United States"
Bevi,Boston,30,2020-03-27,20,Food,"Series C",60,"United States"
"Beyond Meat","Los Angeles",200,2022-10-14,19,Food,Post-IPO,122,"United States"
"Beyond Meat","Los Angeles",40,2022-08-03,4,Food,Post-IPO,122,"United States"
"Beyond Meat","Los Angeles",65,2023-11-02,8,Food,Post-IPO,122,"United States"
BeyondMinds,"Tel Aviv",65,2022-05-23,100,Data,"Series A",16,Israel
BharatAgri,Mumbai,40,2023-01-15,43,Food,"Series A",21,India
"Big Cabal Media",Lagos,NULL,2023-08-04,19,Media,Seed,3,Nigeria
"Big Fish Games",Seattle,250,2020-09-01,NULL,Media,Acquired,95,"United States"
BigBear.ai,Baltimore,NULL,2022-09-08,7,Data,Post-IPO,200,"United States"
BigCommerce,Austin,NULL,2023-11-08,7,Retail,Post-IPO,224,"United States"
BigCommerce,Austin,180,2022-12-15,13,Retail,Post-IPO,224,"United States"
BigPanda,"SF Bay Area",40,2023-04-24,13,Infrastructure,"Series E",337,"United States"
Bilibili,Shanghai,NULL,2022-12-27,30,Media,Post-IPO,3700,China
Bill.com,"SF Bay Area",NULL,2023-12-05,15,Finance,Post-IPO,280,"United States"
BillGO,"Fort Collins",80,2024-02-05,NULL,Finance,"Series B",119,"United States"
Binance,"Cayman Islands",1000,2023-07-14,NULL,Crypto,Unknown,NULL,"Cayman Islands"
Binance.US,"SF Bay Area",100,2023-09-12,33,Crypto,Subsidiary,NULL,"United States"
Biofourmis,Boston,120,2023-08-31,NULL,Healthcare,"Series D",464,"United States"
BioMarin,"SF Bay Area",120,2022-10-07,4,Healthcare,Post-IPO,585,"United States"
BionicHIVE,Sderot,NULL,2024-12-22,100,Hardware,Unknown,NULL,Israel
Bird,"Los Angeles",138,2022-06-07,23,Transportation,Post-IPO,783,"United States"
Bird,"Los Angeles",406,2020-03-27,30,Transportation,"Series D",623,"United States"
"Bishop Fox",Phoenix,50,2023-05-02,13,Security,"Series B",146,"United States"
Bitfront,"SF Bay Area",NULL,2022-11-29,100,Crypto,Unknown,NULL,"United States"
BitGo,"SF Bay Area",NULL,2020-04-17,12,Crypto,"Series B",69,"United States"
BitMEX,Non-U.S.,NULL,2022-11-02,30,Crypto,Seed,0,Seychelles
BitMEX,Non-U.S.,75,2022-04-04,25,Crypto,Seed,0,Seychelles
BitOasis,Dubai,9,2022-06-19,5,Crypto,"Series B",30,"United Arab Emirates"
Bitpanda,Vienna,270,2022-06-24,27,Crypto,"Series C",546,Austria
Bitrise,Budapest,NULL,2022-09-14,14,Infrastructure,"Series C",83,Hungary
BitSight,"Tel Aviv",40,2023-02-26,NULL,Security,Unknown,401,Israel
Bitso,"Mexico City",100,2022-11-29,NULL,Crypto,"Series C",378,Mexico
Bitso,"Mexico City",80,2022-05-26,11,Crypto,"Series C",378,Mexico
BitTitan,Seattle,70,2021-11-18,27,Data,Acquired,46,"United States"
BitTorrent,"SF Bay Area",92,2023-01-20,NULL,Infrastructure,Acquired,NULL,"United States"
Bittrex,Seattle,80,2023-02-02,NULL,Crypto,Unknown,NULL,"United States"
Bitwise,"SF Bay Area",900,2023-06-14,100,Crypto,"Series B",84,"United States"
Bizongo,Mumbai,140,2020-07-10,NULL,Logistics,"Series C",70,India
Bizongo,Mumbai,50,2023-10-05,NULL,Retail,"Series E",315,India
Bizpay,Sydney,NULL,2022-05-04,30,Finance,Unknown,45,Australia
Bizzabo,"New York City",100,2022-12-01,37,Marketing,"Series E",194,"United States"
Bizzabo,"New York City",120,2022-07-05,30,Marketing,"Series E",194,"United States"
"Black Shark",Shenzen,900,2023-01-13,NULL,Hardware,Unknown,NULL,China
Blackbaud,Charleston,500,2023-02-14,14,Other,Post-IPO,NULL,"United States"
BlackBuck,Bengaluru,200,2020-04-17,NULL,Logistics,"Series D",293,India
BlackLine,"Los Angeles",95,2023-08-23,5,Finance,Post-IPO,220,"United States"
BlackLine,"Los Angeles",95,2022-12-08,5,Finance,"Private Equity",220,"United States"
"Bleacher Report",London,20,2020-09-11,NULL,Media,Acquired,41,"United Kingdom"
Blend,"SF Bay Area",100,2022-11-10,6,Finance,Post-IPO,665,"United States"
Blend,"SF Bay Area",150,2023-08-09,19,Finance,Post-IPO,665,"United States"
Blend,"SF Bay Area",200,2022-04-19,10,Finance,Post-IPO,665,"United States"
Blend,"SF Bay Area",220,2022-08-15,12,Finance,Post-IPO,665,"United States"
Blend,"SF Bay Area",340,2023-01-10,28,Finance,Post-IPO,665,"United States"
"Blink Charging",Baltimore,NULL,2025-05-19,20,Other,Post-IPO,110,"United States"
Blip,Bengaluru,NULL,2025-07-12,100,Retail,Unknown,NULL,India
BlissClub,Bengaluru,21,2024-02-09,18,Retail,"Series A",20,India
Block,"SF Bay Area",1000,2024-01-30,10,Finance,Post-IPO,150,"United States"
Block,"SF Bay Area",931,2025-03-25,8,Finance,Post-IPO,150,"United States"
Blockchain.com,London,110,2023-01-12,28,Crypto,"Series D",490,"United Kingdom"
Blockchain.com,London,150,2022-07-21,25,Crypto,"Series D",490,"United Kingdom"
BlockFi,"New York City",NULL,2022-11-28,100,Crypto,"Series E",1000,"United States"
BlockFi,"New York City",250,2022-06-13,20,Crypto,"Series E",1000,"United States"
BloomTech,"SF Bay Area",88,2022-12-01,50,Education,Unknown,NULL,"United States"
"Blue Apron","New York City",NULL,2022-12-08,10,Food,Post-IPO,352,"United States"
"Blue Apron","New York City",NULL,2023-07-19,20,Food,Post-IPO,422,"United States"
"Blue Nile",Seattle,119,2023-03-28,NULL,Retail,Acquired,62,"United States"
"Blue Origin",Seattle,1000,2025-02-13,10,Aerospace,Unknown,167,"United States"
"Blue Origin",Seattle,40,2023-10-09,NULL,Aerospace,Unknown,167,"United States"
Blueboard,"SF Bay Area",NULL,2024-03-15,100,HR,"Series A",16,"United States"
Blueground,"New York City",130,2020-03-27,25,"Real Estate","Series B",77,"United States"
Bluelearn,Bengaluru,NULL,2024-07-22,100,Education,Seed,4,India
Bluepad,Bengaluru,NULL,2023-04-13,100,Media,Seed,NULL,India
BlueStacks,"SF Bay Area",60,2022-07-20,NULL,Other,"Series C",48,"United States"
Bluevine,"Tel Aviv",100,2024-12-10,18,Finance,Unknown,769,Israel
"Blume Global","SF Bay Area",30,2020-03-30,10,Logistics,Unknown,NULL,"United States"
Bluprint,Denver,137,2020-05-26,100,Education,Acquired,108,"United States"
"BM Technologies",Philadelphia,NULL,2023-01-30,25,Finance,Post-IPO,NULL,"United States"
Bol.com,Utrecht,300,2022-12-09,10,Retail,Acquired,NULL,Netherlands
Bolt,Lagos,17,2023-02-21,NULL,Transportation,"Series F",NULL,Nigeria
Bolt,"SF Bay Area",NULL,2023-12-14,29,Finance,"Series E",1300,"United States"
Bolt,"SF Bay Area",240,2022-05-25,27,Finance,"Series E",1300,"United States"
Bolt,"SF Bay Area",50,2023-01-24,10,Finance,"Series E",1300,"United States"
Bolt.Earth,Bengaluru,NULL,2023-12-29,20,Energy,"Series B",24,India
Bolt.Earth,Bengaluru,70,2024-04-06,40,Energy,"Series B",24,India
Bonsai,Toronto,29,2022-04-26,34,Retail,"Series A",27,Canada
Bonsai,Toronto,30,2022-06-20,55,Retail,"Series A",27,Canada
Bonterra,Austin,140,2023-01-13,10,Other,Unknown,NULL,"United States"
BookClub,"Salt Lake City",12,2022-05-31,25,Education,"Series A",26,"United States"
"Booking Holdings",Norwalk,60,2024-12-04,NULL,Travel,Post-IPO,2800,"United States"
Booking.com,Amsterdam,4375,2020-07-30,25,Travel,Acquired,NULL,Netherlands
Booking.com,"Grand Rapids",226,2022-11-01,NULL,Travel,Acquired,NULL,"United States"
BookMyShow,Mumbai,270,2020-05-28,18,Consumer,Unknown,224,India
Booksy,"SF Bay Area",200,2020-04-01,NULL,Consumer,"Series B",48,"United States"
Booktopia,Sydney,30,2023-01-23,NULL,Retail,"Series A",23,Australia
Boost,"New York City",15,2023-04-04,20,Finance,"Series B",37,"United States"
"Boosted Commerce","Los Angeles",NULL,2022-07-22,5,Retail,"Series B",137,"United States"
Boozt,Malmo,NULL,2025-01-13,10,Retail,Post-IPO,56,Sweden
Boozt,Malmo,70,2022-06-09,5,Retail,Post-IPO,56,Sweden
Borrowell,Toronto,15,2020-04-06,20,Finance,"Series B",72,Canada
"Bossa Nova","SF Bay Area",NULL,2020-11-02,50,Retail,Unknown,102,"United States"
"Bossa Nova","SF Bay Area",61,2020-06-29,NULL,Retail,Unknown,102,"United States"
Bounce,Bengaluru,120,2020-03-19,NULL,Transportation,"Series D",214,India
Bounce,Bengaluru,130,2020-06-29,22,Transportation,"Series D",214,India
Bounce,Bengaluru,200,2021-02-22,40,Transportation,"Series D",214,India
Bounce,Bengaluru,40,2023-01-06,5,Transportation,"Series D",214,India
BounceX,"New York City",77,2020-04-06,20,Marketing,"Series B",75,"United States"
"Bowery Farming","New York City",NULL,2024-11-01,100,Food,Unknown,626,"United States"
Boxed,"New York City",32,2023-03-15,25,Retail,Post-IPO,365,"United States"
Braid,"SF Bay Area",NULL,2023-10-09,100,Finance,Unknown,NULL,"United States"
Brainly,Krakow,NULL,2023-05-24,30,Education,"Series D",148,Poland
Brainly,Krakow,25,2022-11-06,NULL,Education,"Series D",148,Poland
Branch,Columbus,186,2023-06-08,NULL,Finance,"Series C",229,"United States"
Branch,Columbus,85,2024-01-09,NULL,Finance,"Series C",229,"United States"
Branch,"New York City",3,2020-06-11,27,Retail,Seed,2,"United States"
"Branch Metrics","SF Bay Area",100,2020-04-07,20,Marketing,"Series E",367,"United States"
Branch.io,"SF Bay Area",100,2024-08-09,NULL,Marketing,"Series F",667,"United States"
Brave,"SF Bay Area",NULL,2023-10-06,9,Consumer,"Series B",42,"United States"
Brave,"SF Bay Area",27,2024-08-28,14,Consumer,"Series B",42,"United States"
"Brave Care",Portland,NULL,2024-12-31,100,Healthcare,"Series B",43,"United States"
"Brave Care",Portland,40,2022-09-06,33,Healthcare,"Series B",42,"United States"
Breathe,"New Delhi",50,2022-06-14,33,Healthcare,"Series A",6,India
Breather,Montreal,120,2020-12-16,80,"Real Estate","Series D",131,Canada
Brex,"SF Bay Area",136,2022-10-11,11,Finance,"Series D",1500,"United States"
Brex,"SF Bay Area",282,2024-01-23,20,Finance,"Series D",1500,"United States"
Brex,"SF Bay Area",62,2020-05-29,15,Finance,"Series C",732,"United States"
"Bridge Connector",Nashville,154,2020-11-17,100,Healthcare,"Series B",45,"United States"
Bridgit,Waterloo,13,2022-12-06,13,Construction,"Series B",36,Canada
"Bright Machines","SF Bay Area",30,2022-06-28,8,Data,Unknown,250,Israel
"Bright Money",Bengaluru,100,2022-07-15,50,Finance,"Series A",31,India
Brightcove,Boston,198,2025-03-19,33,Marketing,Acquired,145,"United States"
Brightcove,Boston,70,2023-05-03,10,Marketing,Post-IPO,145,"United States"
Brighte,Sydney,30,2022-06-20,15,Energy,"Series C",145,Australia
Brighte,Sydney,58,2022-09-09,NULL,Energy,"Series C",145,Australia
Brightline,"SF Bay Area",NULL,2022-11-01,20,Healthcare,"Series C",212,"United States"
Brightline,"SF Bay Area",NULL,2023-05-03,20,Healthcare,"Series C",212,"United States"
Brilliant,"SF Bay Area",NULL,2024-05-08,100,Hardware,"Series B",64,"United States"
Bringg,"Tel Aviv",10,2020-04-21,10,Logistics,"Series D",84,Israel
Britishvolt,London,206,2023-01-17,100,Transportation,Unknown,2400,"United Kingdom"
Briza,Toronto,26,2022-12-20,40,Finance,"Series A",10,Canada
Brodmann17,"Tel Aviv",NULL,2022-12-09,100,Other,"Series A",25,Israel
Bryter,Berlin,100,2022-07-13,30,Product,"Series B",89,Germany
Buenbit,"Buenos Aires",80,2022-05-23,45,Crypto,"Series A",11,Argentina
Builder,"Los Angeles",39,2020-06-04,14,Product,"Series A",29,"United States"
Builder.ai,London,NULL,2025-05-20,100,AI,"Series D",445,"United Kingdom"
Buildertrend,Omaha,NULL,2023-11-17,16,Construction,Unknown,NULL,"United States"
"Built In",Chicago,28,2020-04-10,NULL,Recruiting,"Series C",29,"United States"
"Built In",Chicago,50,2022-10-05,25,Recruiting,"Series C",29,"United States"
"Built Technologies copy",Nashville,NULL,2023-02-03,8,Construction,Unknown,313,"United States"
Bullhorn,Boston,100,2020-04-30,NULL,Sales,Acquired,32,"United States"
Bullhorn,Boston,140,2023-10-19,9,Sales,Acquired,32,"United States"
Bullish,"Hong Kong",30,2022-07-05,8,Crypto,Unknown,300,"Hong Kong"
Bumble,Austin,240,2025-06-25,30,Consumer,Post-IPO,313,"United States"
Bumble,Austin,350,2024-02-27,30,Consumer,Post-IPO,313,"United States"
"Bundle Africa",Lagos,NULL,2023-07-21,100,Crypto,Seed,1,Nigeria
Bungalow,"SF Bay Area",70,2022-06-22,NULL,"Real Estate","Series C",171,"United States"
Bungie,Seattle,220,2024-07-31,17,Consumer,Acquired,100,"United States"
Bunnii,"New York City",NULL,2023-06-06,100,Healthcare,Unknown,NULL,"United States"
BusBud,Montreal,23,2020-04-06,32,Transportation,"Series B",21,Canada
Buser,"Sao Paulo",160,2022-12-08,30,Transportation,"Series C",138,Brazil
"Business Insider","New York City",NULL,2024-01-25,8,Media,Acquired,56,"United States"
"Business Insider","New York City",NULL,2025-05-29,20,Media,Acquired,56,"United States"
"Bustle Digital Group","New York City",NULL,2023-02-01,8,Media,"Series E",80,"United States"
"Bustle Digital Group","New York City",19,2020-04-03,NULL,Media,"Series E",80,"United States"
"Bustle Digital Group","New York City",24,2020-04-03,8,Media,"Series E",80,"United States"
"Butler Hospitality","New York City",1000,2022-07-08,100,Food,"Series B",50,"United States"
"Butterfly Network",Boston,NULL,2023-01-04,25,Healthcare,Post-IPO,530,"United States"
"Butterfly Network","New Haven",NULL,2022-08-02,10,Healthcare,Post-IPO,530,"United States"
"Butterfly Network copy",Boston,NULL,2023-07-11,25,Healthcare,Post-IPO,530,"United States"
Button,"New York City",48,2020-04-08,35,Marketing,"Series C",64,"United States"
"Buy.com / Rakuten","SF Bay Area",87,2020-07-30,100,Retail,Acquired,42,"United States"
Buzzer,"New York City",NULL,2023-06-30,100,Consumer,"Series A",24,"United States"
Buzzer,"New York City",NULL,2022-06-20,20,Media,Unknown,32,"United States"
BuzzFeed,"New York City",NULL,2024-02-21,16,Media,Post-IPO,696,"United States"
BuzzFeed,"New York City",180,2022-12-06,12,Media,Post-IPO,696,"United States"
BuzzFeed,"New York City",180,2023-04-20,15,Media,Post-IPO,696,"United States"
BVAccel,"San Diego",25,2020-04-08,25,Marketing,Unknown,NULL,"United States"
Bybit,Singapore,NULL,2022-12-03,30,Crypto,Unknown,NULL,Singapore
Bybit,Singapore,600,2022-06-20,30,Crypto,Unknown,NULL,Singapore
Byju's,Bengaluru,1000,2023-06-07,NULL,Education,"Private Equity",5500,India
Byju's,Bengaluru,1500,2023-02-02,NULL,Education,"Private Equity",5500,India
Byju's,Bengaluru,2500,2022-10-12,5,Education,"Private Equity",5500,India
Byju's,Bengaluru,500,2024-04-02,3,Education,"Private Equity",5500,India
Bytedance,Jakarta,450,2024-06-12,NULL,Consumer,Unknown,9400,Indonesia
Bytedance,Jakarta,500,2024-10-11,NULL,Consumer,Unknown,9400,Indonesia
Bytedance,Mumbai,1800,2021-01-27,NULL,Consumer,Unknown,7400,India
Bytedance,Shanghai,NULL,2023-01-03,10,Consumer,Unknown,9400,China
Bytedance,Shanghai,1000,2023-11-27,NULL,Consumer,Unknown,9400,China
Bytedance,Shanghai,150,2022-06-17,NULL,Consumer,Unknown,9400,China
Bytedance,Shanghai,1800,2021-08-05,NULL,Consumer,Unknown,9400,China
C2FO,"Kansas City",16,2024-06-18,NULL,Finance,"Series H",537,"United States"
C2FO,"Kansas City",20,2022-12-09,2,Finance,"Series H",537,"United States"
C2FO,"Kansas City",80,2023-10-16,3,Finance,"Series H",537,"United States"
"C6 Bank","Sao Paulo",60,2020-04-06,6,Finance,Unknown,NULL,Brazil
Cabify,Madrid,29,2024-05-02,NULL,Transportation,Unknown,601,Spain
Cabin,"SF Bay Area",NULL,2020-03-23,20,Travel,Seed,3,"United States"
Cadre,"New York City",28,2020-05-11,25,"Real Estate","Series C",133,"United States"
"Cake Bikes",Stockholm,NULL,2024-02-02,100,Transportation,Unknown,74,Sweden
"Cake Group",Singapore,50,2023-11-14,30,Crypto,Unknown,NULL,Singapore
Calendly,Atlanta,60,2023-07-26,10,Other,"Series B",351,"United States"
Calendly,Atlanta,70,2024-12-11,13,Other,"Series B",351,"United States"
Calibrate,"New York City",NULL,2023-04-14,18,Healthcare,"Series B",127,"United States"
Calibrate,"New York City",156,2022-07-08,24,Healthcare,"Series B",127,"United States"
Caliva,"SF Bay Area",20,2020-03-30,NULL,Retail,"Series A",75,"United States"
Caliva,"SF Bay Area",54,2023-08-08,NULL,Retail,"Series B",75,"United States"
"Callisto Media","SF Bay Area",NULL,2022-10-25,35,Media,"Series D",NULL,"United States"
"Callisto Media","SF Bay Area",140,2022-07-21,35,Media,"Series D",NULL,"United States"
Calm,"SF Bay Area",90,2022-08-11,20,Healthcare,"Series C",218,"United States"
Cameo,Chicago,80,2022-11-09,NULL,Consumer,Unknown,165,"United States"
Cameo,Chicago,80,2023-07-18,NULL,Consumer,Unknown,165,"United States"
Cameo,Chicago,87,2022-05-04,25,Consumer,Unknown,165,"United States"
"Camp K12",Gurugram,NULL,2023-01-23,70,Education,"Series A",16,India
Cana,"SF Bay Area",NULL,2023-05-13,100,Food,Unknown,30,"United States"
"Candy Digital","New York City",30,2023-06-29,NULL,Crypto,"Series A",138,"United States"
"Candy Digital","New York City",33,2022-11-28,33,Crypto,"Series A",100,"United States"
Canoo,"Los Angeles",20,2024-12-11,NULL,Transportation,Post-IPO,300,"United States"
Canoo,"Los Angeles",58,2022-07-01,6,Transportation,Post-IPO,300,"United States"
Canva,Sydney,10,2025-04-02,NULL,Consumer,Unknown,2500,Australia
"Capital One","Washington D.C.",1100,2023-01-19,NULL,Finance,Post-IPO,NULL,"United States"
Capitolis,"New York City",NULL,2022-11-18,25,Finance,"Series D",281,"United States"
Capitolis,"New York City",37,2022-11-17,25,Finance,"Series D",281,"United States"
Capsule,"New York City",NULL,2022-07-19,13,Healthcare,"Series D",570,"United States"
"Captain Fresh",Bengaluru,120,2023-01-15,NULL,Food,"Series C",126,India
Captiv8,"SF Bay Area",8,2023-08-24,3,Marketing,Unknown,4,"United States"
CaptivateIQ,"SF Bay Area",31,2022-11-15,10,Sales,"Series C",164,"United States"
CapWay,Atlanta,NULL,2024-10-17,100,Finance,Unknown,NULL,"United States"
"Carbon Health","SF Bay Area",114,2023-10-09,5,Healthcare,"Series D",522,"United States"
"Carbon Health","SF Bay Area",200,2023-01-06,NULL,Healthcare,"Series D",522,"United States"
"Carbon Health","SF Bay Area",250,2022-06-02,8,Healthcare,"Series D",522,"United States"
"Carbon Health","SF Bay Area",56,2024-02-23,NULL,Healthcare,"Series D",522,"United States"
CarDekho,Gurugram,200,2020-05-25,NULL,Transportation,"Series D",247,India
Cardlytics,Atlanta,51,2022-11-14,NULL,Marketing,Post-IPO,212,"United States"
Care.com,Boston,81,2020-04-30,NULL,Consumer,Acquired,156,"United States"
Care/of,"New York City",143,2024-06-15,100,Healthcare,Acquired,83,"United States"
Careem,Dubai,536,2020-05-04,31,Transportation,Acquired,771,"United Arab Emirates"
"Career Karma","SF Bay Area",22,2023-01-12,NULL,Education,"Series B",51,"United States"
"Career Karma","SF Bay Area",60,2022-07-28,33,Education,"Series B",51,"United States"
"CareerBuilder + Monster",Chicago,200,2024-10-10,15,Recruiting,Acquired,NULL,"United States"
CareRev,"Los Angeles",100,2023-06-15,33,Healthcare,"Series A",51,"United States"
CarGurus,Boston,130,2020-04-16,13,Transportation,Post-IPO,1,"United States"
Carousell,Singapore,110,2022-12-01,10,Retail,"Private Equity",372,Singapore
Carousell,Singapore,76,2024-12-06,7,Retail,Unknown,375,Singapore
Cars24,Gurugram,120,2025-05-27,NULL,Transportation,"Series G",1300,India
Cars24,Gurugram,200,2025-04-26,NULL,Transportation,"Series G",1300,India
Cars24,Gurugram,600,2022-05-19,6,Transportation,"Series G",1300,India
Cars24,Jakarta,100,2023-05-03,NULL,Transportation,"Series G",1300,Indonesia
Carsome,"Kuala Lumpur",NULL,2022-09-30,10,Transportation,"Series E",607,Malaysia
Cart.com,Austin,25,2023-01-10,4,Retail,Unknown,383,"United States"
Carta,"SF Bay Area",161,2020-04-15,16,Finance,"Series E",447,"United States"
Carta,"SF Bay Area",NULL,2023-01-11,10,HR,"Series G",1100,"United States"
CarTrawler,Dublin,40,2024-09-19,10,Transportation,Acquired,NULL,Ireland
Carvana,Phoenix,1500,2022-11-18,8,Transportation,Post-IPO,1600,"United States"
Carvana,Phoenix,2500,2022-05-10,12,Transportation,Post-IPO,1600,"United States"
Carwow,London,70,2022-11-25,20,Transportation,Unknown,157,"United Kingdom"
Casavo,Milan,NULL,2023-02-13,30,"Real Estate",Unknown,708,Italy
"Cashfree Payments",Bengaluru,100,2023-01-12,NULL,Finance,"Series B",41,India
Casper,"New York City",78,2020-04-21,21,Retail,Post-IPO,339,"United States"
"Castlight Health","SF Bay Area",NULL,2020-05-04,13,Healthcare,Post-IPO,184,"United States"
Catalant,Boston,30,2020-03-30,NULL,Other,"Series E",110,"United States"
Catch,"New York City",NULL,2023-03-07,100,Finance,"Series A",18,"United States"
Catch.com.au,Melbourne,100,2023-02-06,NULL,Retail,Acquired,80,Australia
"Catena Media",Sliema,29,2024-10-23,NULL,Marketing,Unknown,NULL,Malta
Cazoo,London,750,2022-06-07,15,Transportation,Post-IPO,2000,"United Kingdom"
Cedar,"New York City",NULL,2022-07-07,24,Healthcare,"Series D",351,"United States"
Cellulant,Nairobi,NULL,2023-08-23,20,Finance,"Series C",54,Kenya
Celsius,"New York City",150,2022-07-03,25,Crypto,"Series B",864,"United States"
Center,Seattle,8,2024-09-07,4,Finance,"Series C",102,"United States"
Centr,Sydney,22,2023-07-13,NULL,Fitness,Unknown,NULL,Australia
Cerebral,"SF Bay Area",285,2023-02-27,15,Healthcare,"Series C",462,"United States"
Cerebral,"SF Bay Area",400,2022-10-24,20,Healthcare,"Series C",462,"United States"
Cerner,"Kansas City",3000,2023-05-16,11,Healthcare,Acquired,NULL,"United States"
Chainalysis,"New York City",150,2023-10-02,15,Crypto,"Series F",536,"United States"
Chainalysis,"New York City",44,2023-02-01,5,Crypto,"Series F",536,"United States"
"Change Invest",Amsterdam,NULL,2022-11-27,24,Finance,Unknown,22,Netherlands
Change.org,"SF Bay Area",NULL,2022-07-28,19,Other,"Series D",72,"United States"
Character.ai,"SF Bay Area",6,2024-08-29,5,AI,"Series A",150,"United States"
Chargebee,"SF Bay Area",100,2023-09-11,10,Finance,"Series H",468,"United States"
Chargebee,"SF Bay Area",142,2022-11-02,10,Finance,"Series H",468,"United States"
ChargePoint,"SF Bay Area",NULL,2024-01-10,12,Manufacturing,Unknown,1400,"United States"
ChargePoint,"SF Bay Area",NULL,2023-09-08,10,Manufacturing,Unknown,1400,"United States"
ChargePoint,"SF Bay Area",250,2024-09-04,15,Manufacturing,Unknown,1400,"United States"
Checkmarx,"Tel Aviv",100,2022-11-02,10,Security,"Series C",92,Israel
Checkout.com,London,100,2022-09-13,5,Finance,"Series D",1800,"United Kingdom"
Checkout.com,London,80,2023-12-18,NULL,Finance,"Series D",1800,"United Kingdom"
Checkr,"SF Bay Area",382,2024-04-09,32,HR,"Series D",679,"United States"
Checkr,"SF Bay Area",64,2020-07-23,12,HR,"Series D",309,"United States"
Chegg,"SF Bay Area",248,2025-05-12,22,Education,Post-IPO,227,"United States"
Chegg,"SF Bay Area",319,2024-11-12,21,Education,Post-IPO,227,"United States"
Chegg,"SF Bay Area",441,2024-06-17,23,Education,Post-IPO,227,"United States"
Chegg,"SF Bay Area",80,2023-06-12,4,Education,Post-IPO,227,"United States"
Chessable,London,29,2022-07-04,NULL,Consumer,Acquired,0,"United Kingdom"
Chewy,Miami,200,2023-11-14,NULL,Retail,Post-IPO,451,"United States"
"Chia Network","SF Bay Area",26,2023-10-02,37,Crypto,"Series D",70,"United States"
Chief,"New York City",43,2023-04-27,14,Other,"Series B",140,"United States"
"Chili Piper","New York City",58,2022-11-17,NULL,Sales,"Series B",54,"United States"
Chime,"SF Bay Area",156,2022-11-02,12,Finance,"Series G",2300,"United States"
Chingari,Bengaluru,NULL,2023-08-24,50,Media,Unknown,88,India
Chingari,Bengaluru,48,2023-06-19,20,Media,Unknown,88,India
"Chipper Cash","SF Bay Area",100,2023-02-17,33,Finance,"Series C",302,"United States"
"Chipper Cash","SF Bay Area",15,2023-12-11,33,Finance,"Series C",302,"United States"
"Chipper Cash","SF Bay Area",20,2024-03-15,NULL,Finance,"Series C",302,"United States"
"Chipper Cash","SF Bay Area",50,2022-12-06,13,Finance,"Series C",302,"United States"
Chope,Singapore,65,2022-12-20,24,Food,"Series E",50,Singapore
ChowNow,"Los Angeles",100,2022-07-13,20,Food,"Series C",64,"United States"
ChowNow,"Los Angeles",40,2022-12-14,10,Food,"Series C",64,"United States"
ChowNow,"Los Angeles",60,2024-03-28,20,Food,"Series C",64,"United States"
Chrono24,Karlsruhe,110,2025-01-16,24,Retail,"Series C",205,Germany
Chrono24,Karlsruhe,65,2023-01-30,13,Retail,"Series C",205,Germany
Chrono24,Karlsruhe,80,2022-12-08,NULL,Retail,"Series C",205,Germany
Cimpress,Paris,500,2023-03-23,NULL,Retail,Post-IPO,300,France
Cint,Stockholm,NULL,2024-12-12,12,Data,Post-IPO,17,Sweden
Circ,Berlin,100,2020-06-02,NULL,Transportation,Acquired,55,Germany
Circle,Boston,50,2024-12-05,6,Crypto,"Private Equity",1100,"United States"
CircleCI,"SF Bay Area",NULL,2022-12-07,17,Product,"Series F",315,"United States"
CircleCI,"SF Bay Area",100,2024-01-31,NULL,Product,"Series F",315,"United States"
"Circulo Health",Columbus,NULL,2022-06-16,50,Healthcare,"Series A",50,"United States"
"Circus Kitchens",Hamburg,35,2023-05-25,NULL,Food,Seed,12,Germany
Cisco,"SF Bay Area",350,2023-09-17,NULL,Infrastructure,Post-IPO,2,"United States"
Cisco,"SF Bay Area",4100,2022-11-16,5,Infrastructure,Post-IPO,2,"United States"
Cisco,"SF Bay Area",4250,2024-02-14,5,Infrastructure,Post-IPO,2,"United States"
Cisco,"SF Bay Area",5600,2024-08-09,7,Infrastructure,Post-IPO,2,"United States"
Citizen,"New York City",33,2023-01-11,NULL,Consumer,"Series C",133,"United States"
"Citrine Informatics","SF Bay Area",22,2023-01-20,27,Data,"Series C",64,"United States"
Citrix,Miami,NULL,2023-01-10,15,Infrastructure,Acquired,20,"United States"
Citrix,Miami,1000,2024-01-10,12,Infrastructure,Acquired,20,"United States"
"Cityblock Health","New York City",155,2023-06-08,12,Healthcare,"Series D",891,"United States"
CityMall,Gurugram,191,2022-06-19,30,Retail,"Series C",112,India
CityMall,Gurugram,90,2023-10-16,NULL,Retail,"Series C",112,India
Clari,"SF Bay Area",20,2023-02-06,NULL,Sales,"Series F",496,"United States"
Clari,"SF Bay Area",45,2022-08-31,NULL,Sales,"Series F",496,"United States"
"Clarify Health","SF Bay Area",15,2022-07-22,5,Healthcare,"Series D",328,"United States"
ClassPass,"New York City",154,2020-04-02,22,Fitness,"Series E",549,"United States"
Clear,Bengaluru,190,2022-09-16,20,Finance,"Series C",140,India
"Clear Capital",Reno,250,2023-01-25,25,"Real Estate",Unknown,NULL,"United States"
"Clear Capital",Reno,378,2022-10-14,27,"Real Estate",Unknown,NULL,"United States"
Clearbanc,Toronto,17,2020-04-13,8,Finance,"Series B",119,Canada
Clearco,Toronto,125,2022-07-29,25,Finance,"Series C",681,Canada
ClearCo,Toronto,50,2023-01-16,30,Finance,"Series C",698,Canada
Clearco,Toronto,60,2022-06-06,NULL,Finance,"Series C",681,Canada
Clearcover,Chicago,NULL,2023-09-01,28,Finance,"Series D",304,"United States"
Clearcover,Chicago,81,2023-04-17,15,Finance,"Series D",304,"United States"
CleverTap,Mumbai,60,2020-04-16,20,Marketing,"Series C",76,India
ClickUp,"San Diego",60,2022-05-23,7,Other,"Series C",537,"United States"
ClickUp,"San Diego",90,2023-06-28,10,Other,"Series C",537,"United States"
Climeworks,Zurich,106,2025-05-21,22,Energy,"Private Equity",734,Switzerland
Clinc,"Ann Arbor",40,2020-04-09,32,Support,"Series B",59,"United States"
Clockwork,Dallas,NULL,2023-08-28,100,Crypto,Seed,4,"United States"
CloudFactory,Nairobi,NULL,2022-11-09,12,Data,"Private Equity",78,Kenya
Cloudflare,"SF Bay Area",40,2024-01-11,NULL,Security,Post-IPO,332,"United States"
Cloudinary,"SF Bay Area",40,2022-11-14,8,Media,Unknown,100,"United States"
Clubhouse,"SF Bay Area",NULL,2023-04-27,50,Consumer,"Series C",110,"United States"
Clue,Berlin,31,2023-01-18,31,Healthcare,Unknown,47,Germany
Clutch,Toronto,150,2023-01-17,NULL,Transportation,Unknown,253,Canada
Clutch,Toronto,76,2022-06-29,22,Transportation,"Series B",153,Canada
Clutter,"Los Angeles",NULL,2020-03-25,30,Consumer,"Series D",296,"United States"
Clyde,"New York City",22,2022-04-25,NULL,Marketing,"Series B",58,"United States"
CNET,"SF Bay Area",12,2023-03-02,10,Media,Acquired,20,"United States"
CoachHub,Berlin,NULL,2023-01-24,10,HR,"Series C",332,Germany
CoachHub,Berlin,NULL,2023-06-01,10,HR,"Series C",332,Germany
Code42,Minneapolis,25,2020-04-09,5,Data,"Series B",138,"United States"
Code42,Minneapolis,NULL,2022-11-07,15,Security,Unknown,137,"United States"
CodeClan,Edinburgh,57,2023-08-04,100,Education,Seed,NULL,"United Kingdom"
CodeCombat,"SF Bay Area",8,2020-10-23,NULL,Education,"Series A",8,"United States"
CodeParrot,Bengaluru,NULL,2025-07-17,100,Product,Seed,NULL,India
CodeSee,"SF Bay Area",NULL,2024-02-15,100,Data,Seed,10,"United States"
Codexis,"SF Bay Area",NULL,2022-11-29,18,Healthcare,Post-IPO,162,"United States"
"Coding Dojo",Seattle,7,2020-04-02,7,Education,Unknown,2,"United States"
Cogito,Boston,24,2020-04-06,14,Support,"Series C",92,"United States"
Cogito,"New Delhi",177,2023-04-29,NULL,Data,Unknown,NULL,India
Cognyte,"Tel Aviv",100,2022-12-02,5,Security,Unknown,NULL,Israel
Cohere,Toronto,20,2024-07-23,5,AI,"Series D",935,Canada
Coherent,"SF Bay Area",108,2023-03-16,NULL,Manufacturing,Post-IPO,NULL,"United States"
Coherent,"SF Bay Area",196,2023-06-06,NULL,Manufacturing,Post-IPO,NULL,"United States"
"Coho AI","Tel Aviv",NULL,2025-04-06,100,Sales,Seed,8,Israel
Coinbase,"SF Bay Area",1100,2022-06-14,18,Crypto,Post-IPO,549,"United States"
Coinbase,"SF Bay Area",60,2022-11-10,NULL,Crypto,Post-IPO,549,"United States"
Coinbase,"SF Bay Area",950,2023-01-10,20,Crypto,Post-IPO,549,"United States"
CoinDCX,Mumbai,80,2023-01-11,NULL,Crypto,"Series D",244,India
CoinDCX,Mumbai,NULL,2023-08-22,12,Crypto,"Series D",247,India
CoinJar,Melbourne,10,2022-11-29,20,Crypto,Unknown,1,Australia
Coinsquare,Toronto,30,2022-07-27,24,Crypto,Unknown,98,Canada
CoinSwitch,Bengaluru,44,2023-08-28,NULL,Crypto,"Series C",301,India
CoinTracker,"SF Bay Area",19,2023-01-28,NULL,Crypto,"Series A",101,"United States"
CoLab,Sydney,NULL,2023-04-18,100,Food,Seed,3,Australia
Collage.com,Detroit,NULL,2022-10-09,100,Retail,Acquired,NULL,"United States"
"Collective Health","SF Bay Area",54,2023-02-13,NULL,Healthcare,"Series F",719,"United States"
"Color Health","SF Bay Area",300,2023-03-01,NULL,Healthcare,"Series E",482,"United States"
Colossus,Boston,97,2022-05-04,NULL,Energy,"Series A",41,"United States"
CommerceHub,Albany,371,2023-02-14,31,Retail,Acquired,NULL,"United States"
Commercetools,Munich,NULL,2025-02-26,10,Retail,"Series C",119,Germany
CommonBond,"New York City",NULL,2022-09-09,100,Finance,"Series D",125,"United States"
CommonBond,"New York City",22,2022-05-13,NULL,Finance,"Series D",130,"United States"
Community,"Los Angeles",40,2022-06-21,30,Marketing,Unknown,40,"United States"
"Community Gaming","New York City",17,2023-04-14,17,Crypto,"Series A",18,"United States"
Comparis,Zurich,NULL,2023-03-02,10,Finance,Unknown,NULL,Switzerland
Compass,"New York City",271,2022-09-20,NULL,"Real Estate",Post-IPO,1600,"United States"
Compass,"New York City",375,2020-03-23,15,"Real Estate","Series G",1600,"United States"
Compass,"New York City",450,2022-06-14,10,"Real Estate",Post-IPO,1600,"United States"
Compete,"Tel Aviv",11,2022-09-12,28,HR,"Series A",17,Israel
ComplYant,"Los Angeles",NULL,2024-04-29,100,Finance,Seed,6,"United States"
Confluent,"SF Bay Area",221,2023-01-26,8,Data,Post-IPO,455,"United States"
Conga,Denver,NULL,2020-06-15,11,Data,Acquired,117,"United States"
Connected,Toronto,17,2020-04-08,10,Product,Unknown,NULL,Canada
ConnectedH,Gurugram,NULL,2023-08-02,100,Healthcare,Seed,2,India
ConsenSys,"New York City",100,2023-01-10,11,Crypto,"Series D",726,"United States"
ConsenSys,"New York City",163,2024-10-29,20,Crypto,"Series D",726,"United States"
ConsenSys,"New York City",47,2025-07-22,7,Crypto,"Series D",726,"United States"
ConsenSys,"New York City",91,2020-04-20,14,Crypto,Unknown,10,"United States"
Consider.co,"SF Bay Area",13,2020-03-26,100,Other,Seed,5,"United States"
ContaAzul,Joinville,140,2020-04-17,35,Education,"Series D",37,Brazil
ContraFect,"New York City",16,2022-08-15,37,Healthcare,Post-IPO,380,"United States"
Convene,"New York City",150,2020-03-23,18,"Real Estate","Series D",280,"United States"
Convoy,Seattle,NULL,2020-04-23,1,Logistics,"Series D",665,"United States"
Convoy,Seattle,30,2023-06-26,5,Logistics,"Series E",1100,"United States"
Convoy,Seattle,500,2023-10-19,100,Logistics,"Series E",1100,"United States"
Convoy,Seattle,90,2022-06-09,7,Logistics,"Series E",1100,"United States"
Cookpad,Tokyo,80,2023-03-10,NULL,Consumer,Unknown,NULL,Japan
Copia,Nairobi,1060,2024-06-06,NULL,Retail,"Series C",103,Kenya
Copia,Nairobi,350,2023-07-26,25,Retail,"Series C",103,Kenya
Copper,London,NULL,2023-03-22,15,Crypto,"Series C",281,"United Kingdom"
Copper,"SF Bay Area",35,2020-04-02,NULL,Marketing,"Series C",102,"United States"
"Core Scientific",Austin,NULL,2022-08-12,10,Crypto,Post-IPO,169,"United States"
Cornershop,Santiago,200,2024-04-10,NULL,Food,Acquired,32,Chile
Cornershop,Santiago,250,2023-05-11,11,Food,Acquired,31,Chile
"Corvus Insurance",Boston,NULL,2023-01-24,14,Finance,"Series C",160,"United States"
"Coterie Insurance",Cincinnati,30,2022-05-25,20,Finance,"Series B",70,"United States"
"Course Hero","SF Bay Area",NULL,2023-12-05,25,Education,"Series C",477,"United States"
"Course Hero","SF Bay Area",42,2023-03-16,15,Education,"Series C",477,"United States"
Coursera,"SF Bay Area",150,2024-10-25,10,Education,Post-IPO,458,"United States"
Cova,Lagos,NULL,2024-01-25,100,Finance,Unknown,NULL,Nigeria
CoverMyMeds,Columbus,800,2023-03-29,NULL,Healthcare,Acquired,5,"United States"
Cowbell,"SF Bay Area",28,2023-09-29,12,Finance,"Series B",123,"United States"
Crayon,Boston,20,2020-04-01,20,Marketing,"Series A",16,"United States"
"Credit Sesame","SF Bay Area",22,2020-06-03,14,Finance,"Series F",120,"United States"
Creditas,"Sao Paulo",NULL,2020-04-08,6,Finance,"Series D",314,Brazil
Crejo.Fun,Bengaluru,170,2022-06-30,100,Education,Seed,3,India
Criteo,Paris,140,2024-04-12,4,Marketing,Post-IPO,61,France
Crossbeam,Philadelphia,17,2023-03-30,15,Sales,"Series C",116,"United States"
CrowdStreet,Portland,24,2020-06-01,22,"Real Estate","Series C",24,"United States"
CrowdStrike,"SF Bay Area",500,2025-05-07,5,Security,Post-IPO,1200,"United States"
Cruise,"SF Bay Area",1000,2025-02-04,50,Transportation,Acquired,15000,"United States"
Cruise,"SF Bay Area",150,2020-05-14,8,Transportation,Acquired,5300,"United States"
Cruise,"SF Bay Area",900,2023-12-14,24,Transportation,Acquired,15000,"United States"
Crunchyroll,Tokyo,85,2023-02-21,NULL,Media,Unknown,26,Japan
Crypto.com,Singapore,NULL,2023-01-12,20,Crypto,Unknown,NULL,Singapore
Crypto.com,Singapore,2000,2022-10-06,30,Crypto,Unknown,156,Singapore
Crypto.com,Singapore,260,2022-06-10,5,Crypto,Unknown,156,Singapore
"CS Disco",Austin,NULL,2023-05-11,8,Legal,Post-IPO,233,"United States"
"CS Disco",Austin,62,2023-01-19,9,Legal,Post-IPO,233,"United States"
CTO.ai,Vancouver,30,2020-03-20,50,Infrastructure,Seed,7,Canada
Cue,"San Diego",170,2022-06-27,NULL,Healthcare,Post-IPO,999,"United States"
Cue,"San Diego",388,2023-01-05,NULL,Healthcare,Post-IPO,999,"United States"
"Cue Health","San Diego",180,2024-05-22,100,Healthcare,Post-IPO,899,"United States"
"Cue Health","San Diego",230,2024-05-03,49,Healthcare,Post-IPO,899,"United States"
"Cue Health","San Diego",245,2024-02-02,30,Healthcare,Post-IPO,899,"United States"
"Cue Health","San Diego",326,2023-04-28,30,Healthcare,Post-IPO,899,"United States"
"Cue Health","San Diego",94,2024-01-05,13,Healthcare,Post-IPO,899,"United States"
Cuemath,Bengaluru,100,2023-05-08,NULL,Education,Unknown,121,India
Cuemath,Bengaluru,100,2023-08-26,NULL,Education,Unknown,121,India
Cult.fit,Bengaluru,100,2024-01-24,NULL,Fitness,"Series F",635,India
"Culture Amp",Melbourne,36,2020-05-28,8,HR,"Series E",157,Australia
"Culture Amp",Melbourne,90,2023-04-18,9,HR,"Series F",257,Australia
"Culture Trip",London,95,2020-05-01,32,Media,"Series B",102,"United Kingdom"
Curalie,Berlin,NULL,2023-12-14,100,Healthcare,Unknown,NULL,Germany
Curative,"Los Angeles",109,2022-09-20,NULL,Healthcare,Seed,8,"United States"
Cure.fit,Bengaluru,120,2024-01-23,NULL,Fitness,"Series F",625,India
Curefit,Bengaluru,120,2020-07-17,NULL,Fitness,"Series D",405,India
Curefit,Bengaluru,800,2020-05-04,16,Fitness,"Series D",404,India
Curology,"SF Bay Area",150,2022-03-16,NULL,Healthcare,"Series D",19,"United States"
Curve,London,65,2022-06-01,10,Finance,"Series C",182,"United Kingdom"
Cushion,"SF Bay Area",NULL,2025-01-30,100,Finance,"Series A",20,"United States"
Cvent,"Washington D.C.",400,2020-05-21,10,Marketing,Acquired,146,"United States"
Cybereason,Boston,100,2022-06-01,6,Security,"Series F",750,"United States"
Cybereason,Boston,200,2022-10-26,17,Security,"Series F",750,"United States"
CyberProof,"Los Angeles",NULL,2024-07-10,7,Security,Subsidiary,NULL,"United States"
CyCognito,"SF Bay Area",30,2022-12-08,15,Security,"Series C",153,"United States"
Cypress.io,Atlanta,11,2024-06-14,NULL,Product,"Series B",54,"United States"
Cyren,"Washington D.C.",121,2023-02-01,NULL,Security,Post-IPO,161,"United States"
"Cyteir Therapeutics",Boston,NULL,2023-01-20,70,Healthcare,"Series C",156,"United States"
D-ID,"Tel Aviv",22,2025-03-10,25,AI,"Series B",48,Israel
D2iQ,"SF Bay Area",NULL,2023-12-08,100,Infrastructure,"Series D",247,"United States"
D2iQ,"SF Bay Area",34,2020-04-03,13,Infrastructure,"Series D",247,"United States"
D2L,Waterloo,NULL,2022-11-16,5,Education,Post-IPO,168,Canada
"Daily Harvest","New York City",NULL,2022-08-08,15,Food,"Series D",120,"United States"
"Daily Harvest","New York City",60,2022-02-10,20,Food,"Series D",120,"United States"
DailyPay,"New York City",NULL,2022-08-09,15,Finance,Unknown,814,"United States"
Daloopa,"New Delhi",40,2022-05-27,NULL,Data,"Series A",23,India
Dance,Berlin,NULL,2022-11-16,16,Transportation,Unknown,63,Germany
"Daniel Wellington",Stockholm,200,2022-06-09,15,Retail,Unknown,NULL,Sweden
"Dapper Labs",Vancouver,51,2023-07-12,NULL,Crypto,Unknown,NULL,Canada
"Dapper Labs",Vancouver,NULL,2023-02-23,20,Crypto,"Series D",607,Canada
"Dapper Labs",Vancouver,134,2022-11-02,22,Crypto,"Series D",607,Canada
Daraz,Singapore,NULL,2023-02-06,11,Retail,Unknown,NULL,Singapore
Dark,"SF Bay Area",6,2020-06-23,100,Product,Seed,3,"United States"
Dash,"New York City",NULL,2023-10-06,100,Finance,Unknown,86,"United States"
Dastgyr,Karachi,NULL,2024-01-12,80,Retail,"Series A",41,Pakistan
Dataminr,"New York City",150,2023-11-28,20,AI,"Series F",1100,"United States"
DataRails,"Tel Aviv",30,2022-12-05,18,Finance,"Series B",103,Israel
DataRobot,Boston,NULL,2022-08-23,26,Data,"Series G",1000,"United States"
DataRobot,Boston,200,2020-03-27,NULL,Data,"Series E",430,"United States"
DataRobot,Boston,70,2022-05-11,7,Data,"Series G",1000,"United States"
DataStax,"SF Bay Area",15,2020-04-14,NULL,Data,"Series E",190,"United States"
Datera,"SF Bay Area",NULL,2020-05-18,10,Infrastructure,"Series C",63,"United States"
Datree,"SF Bay Area",NULL,2023-07-27,100,Other,Seed,11,"United States"
Dayforce,Toronto,NULL,2025-02-26,5,HR,Post-IPO,40,Canada
Daylight,"Los Angeles",NULL,2023-05-22,100,Finance,"Series A",20,"United States"
DayTwo,"SF Bay Area",NULL,2024-08-13,100,Healthcare,"Series B",90,"United States"
Dazn,London,50,2022-05-26,2,Consumer,Unknown,NULL,"United Kingdom"
"dbt Labs",Philadelphia,NULL,2023-05-18,15,Data,"Series D",414,"United States"
Deadspin,"New York City",11,2024-03-11,100,Media,Acquired,NULL,"United States"
DealShare,Bengaluru,100,2023-01-27,6,Retail,"Series E",390,India
DealShare,Bengaluru,130,2023-09-21,NULL,Retail,"Series E",390,India
Dealtale,"Tel Aviv",70,2023-08-09,100,Sales,Acquired,2,Israel
"Deep Instict","New York City",46,2023-07-25,15,Security,Unknown,322,"United States"
"Deep Instinct","New York City",NULL,2022-06-06,10,Security,"Series D",259,"United States"
"Deep Instinct","Tel Aviv",20,2025-05-04,10,Security,Unknown,322,Israel
Deepgram,"SF Bay Area",20,2023-10-11,20,AI,"Series B",86,"United States"
DeepVerge,Dublin,50,2023-07-12,100,Healthcare,Post-IPO,20,Ireland
Deepwatch,"Tampa Bay",30,2023-07-13,7,Security,"Series C",256,"United States"
"Definitive Healthcare",Boston,55,2023-01-12,6,Healthcare,Post-IPO,NULL,"United States"
Degreed,"SF Bay Area",NULL,2022-06-29,15,Education,"Series D",411,"United States"
DeHaat,Patna,NULL,2023-01-15,5,Food,"Series E",254,India
Deliv,"SF Bay Area",669,2020-05-13,100,Retail,"Series C",80,"United States"
Deliveroo,London,350,2023-02-09,9,Food,Post-IPO,1700,"United Kingdom"
Deliveroo,London,367,2020-04-28,15,Food,"Series G",1500,"United Kingdom"
"Delivery Hero",Berlin,100,2022-11-03,NULL,Food,Post-IPO,8300,Germany
"Delivery Hero",Berlin,156,2023-01-30,4,Food,Post-IPO,9900,Germany
"Delivery Hero",Berlin,200,2024-07-31,NULL,Food,Post-IPO,9900,Germany
"Delivery Hero",Berlin,300,2021-12-22,NULL,Food,Post-IPO,8300,Germany
Dell,Austin,6000,2024-03-25,5,Hardware,Post-IPO,NULL,"United States"
Dell,Austin,6650,2023-02-06,5,Hardware,Post-IPO,NULL,"United States"
Demandbase,"SF Bay Area",27,2022-09-07,3,Sales,"Series H",143,"United States"
Deputy,Sydney,60,2020-05-04,30,HR,"Series B",106,Australia
"Descartes Labs","Santa Fe",12,2020-06-02,16,Data,"Series B",58,"United States"
"Desktop Metal",Boston,NULL,2024-01-24,20,Other,Post-IPO,811,"United States"
"Desktop Metal",Boston,NULL,2022-06-13,12,Other,Post-IPO,811,"United States"
Detectify,Stockholm,30,2023-08-18,NULL,Security,Unknown,42,Sweden
Devo,Boston,NULL,2022-11-21,15,Security,"Series F",481,"United States"
"Dextrous Robotics",Memphis,NULL,2024-01-11,100,Logistics,Unknown,NULL,"United States"
"DHI Group","New York City",53,2023-05-26,10,Recruiting,Post-IPO,NULL,"United States"
DialSource,Sacramento,5,2020-03-31,14,Marketing,"Series B",26,"United States"
Digimarc,Portland,90,2025-02-27,40,Other,Post-IPO,105,"United States"
"Digital Currency Gruop",Stamford,10,2022-11-02,13,Crypto,Unknown,NULL,"United States"
"Digital River",Minneapolis,122,2025-01-28,NULL,Retail,"Private Equity",50,"United States"
"Digital Surge",Brisbane,NULL,2022-12-09,100,Crypto,Unknown,NULL,Australia
DigitalOcean,"New York City",200,2023-02-15,11,Infrastructure,Post-IPO,491,"United States"
DISCO,Austin,75,2020-03-27,NULL,Legal,"Series E",133,"United States"
Discord,"SF Bay Area",170,2024-01-11,17,Consumer,"Series H",995,"United States"
Discord,"SF Bay Area",37,2023-08-03,4,Consumer,"Series H",995,"United States"
Dispatch,Boston,NULL,2020-04-17,38,Other,"Series A",18,"United States"
DispatchHealth,Denver,88,2024-01-29,NULL,Healthcare,"Series E",733,"United States"
"Divergent 3D","Los Angeles",57,2020-04-24,36,Transportation,"Series B",88,"United States"
"Divvy Homes","SF Bay Area",NULL,2020-03-25,8,"Real Estate","Series B",180,"United States"
"Divvy Homes","SF Bay Area",40,2022-09-27,12,"Real Estate","Series B",180,"United States"
"Divvy Homes","SF Bay Area",94,2023-09-11,NULL,"Real Estate","Series B",180,"United States"
divvyDOSE,Davenport,62,2022-05-06,NULL,Healthcare,Acquired,0,"United States"
Dock,"Sao Paulo",190,2022-11-07,12,Finance,"Private Equity",280,Brazil
Docker,"SF Bay Area",NULL,2024-10-29,10,Infrastructure,"Series C",436,"United States"
Docly,London,8,2020-08-19,80,Healthcare,Seed,16,"United Kingdom"
DocuSign,"SF Bay Area",440,2024-02-06,6,Sales,Post-IPO,536,"United States"
DocuSign,"SF Bay Area",671,2022-09-28,9,Sales,Post-IPO,536,"United States"
DocuSign,"SF Bay Area",680,2023-02-16,10,Sales,Post-IPO,536,"United States"
Doma,"SF Bay Area",250,2022-08-04,13,Finance,Post-IPO,679,"United States"
Doma,"SF Bay Area",310,2022-05-10,15,Finance,Post-IPO,679,"United States"
Doma,"SF Bay Area",515,2022-12-06,40,Finance,Post-IPO,679,"United States"
Domestika,Madrid,89,2023-03-31,45,Education,"Series D",130,Spain
Domestika,"SF Bay Area",150,2022-04-28,19,Education,"Series D",130,"United States"
"Domino Data Lab","SF Bay Area",NULL,2022-11-07,25,Data,"Series F",223,"United States"
Domio,"New York City",NULL,2020-11-18,50,"Real Estate","Series B",116,"United States"
Domio,"New York City",NULL,2020-03-31,30,Travel,"Series B",116,"United States"
Domo,"Salt Lake City",NULL,2023-11-30,7,Data,Post-IPO,689,"United States"
Domo,"Salt Lake City",90,2020-04-09,10,Data,Post-IPO,689,"United States"
Dooly,Vancouver,12,2022-08-09,NULL,Sales,"Series B",102,Canada
DoorDash,"SF Bay Area",1250,2022-11-30,6,Food,Post-IPO,2500,"United States"
dot.LA,"Los Angeles",NULL,2023-06-12,100,Media,Seed,4,"United States"
Dotscience,London,10,2020-05-19,100,Product,Unknown,NULL,"United Kingdom"
DoubleCloud,Dubai,NULL,2024-09-30,100,Infrastructure,Unknown,NULL,"United Arab Emirates"
Doubtnut,Gurugram,NULL,2022-10-31,30,Education,"Series B",49,India
Dover,"SF Bay Area",23,2022-07-26,30,Recruiting,"Series A",22,"United States"
Doximity,"SF Bay Area",100,2023-08-08,10,Healthcare,Post-IPO,82,"United States"
Dozee,Bengaluru,40,2024-09-02,NULL,Healthcare,"Series A",26,India
DraftKings,Boston,140,2023-02-01,4,Consumer,Post-IPO,719,"United States"
Dragos,Baltimore,50,2023-06-06,9,Security,"Series D",364,"United States"
Drata,"San Diego",40,2024-09-26,9,Security,"Series C",328,"United States"
Drift,Boston,100,2023-09-07,25,Marketing,Acquired,107,"United States"
Drift,Boston,59,2023-02-06,NULL,Marketing,Acquired,107,"United States"
Drip,"Salt Lake City",20,2020-03-23,NULL,Marketing,Acquired,0,"United States"
"Drip Capital","SF Bay Area",75,2023-04-14,20,Finance,"Series C",85,"United States"
DriveWealth,"Jersey City",NULL,2023-01-26,20,Finance,"Series D",550,"United States"
Drizly,Boston,100,2023-03-29,NULL,Retail,Acquired,119,"United States"
Drizly,Boston,168,2024-02-05,100,Retail,Acquired,119,"United States"
Drop,Toronto,24,2022-11-01,NULL,Marketing,"Series B",56,Canada
Dropbox,"SF Bay Area",315,2021-01-13,15,Other,Post-IPO,1700,"United States"
Dropbox,"SF Bay Area",500,2023-04-27,16,Other,Post-IPO,1700,"United States"
Dropbox,"SF Bay Area",527,2024-10-30,20,Other,Post-IPO,1700,"United States"
Dropp,Berlin,60,2023-02-14,100,Retail,Unknown,2,Germany
DSCO,"Salt Lake City",12,2020-04-03,NULL,Retail,"Series A",4,"United States"
"Duck Creek Technologies",Boston,NULL,2023-07-12,9,Finance,Acquired,357,"United States"
"Dude Solutions",Raleigh,NULL,2020-04-15,20,Other,Acquired,100,"United States"
Dukaan,Bengaluru,23,2022-10-31,NULL,Retail,"Series A",17,India
Dukaan,Bengaluru,56,2023-03-15,30,Retail,"Series A",17,India
Dunzo,Bengaluru,NULL,2023-01-16,3,Food,Unknown,382,India
Dunzo,Bengaluru,150,2024-08-31,75,Food,Unknown,458,India
Dunzo,Bengaluru,150,2023-09-26,30,Food,Unknown,458,India
Dunzo,Bengaluru,300,2023-04-05,30,Food,Unknown,382,India
Dutchie,Bend,50,2022-06-06,7,Other,"Series D",603,"United States"
"DUX Education",Bengaluru,NULL,2023-02-28,100,Education,Unknown,NULL,India
DwellWell,"Los Angeles",NULL,2023-12-04,100,"Real Estate",Seed,6,"United States"
dYdX,"SF Bay Area",NULL,2024-10-29,35,Crypto,"Series C",87,"United States"
"Dynamic Signal","SF Bay Area",35,2020-04-02,19,HR,"Series E",114,"United States"
Earnin,"SF Bay Area",50,2020-04-01,20,Finance,"Series C",190,"United States"
Earnix,"Tel Aviv",30,2023-05-04,10,Finance,Unknown,100,Israel
"Earth Rides",Nashville,NULL,2023-01-19,100,Transportation,Unknown,2,"United States"
Easee,Sandnes,200,2023-08-14,57,Energy,Unknown,NULL,Norway
EasyKnock,"New York City",NULL,2024-12-09,100,"Real Estate","Series D",440,"United States"
EasyPost,"Salt Lake City",75,2020-03-11,NULL,Logistics,"Series A",12,"United States"
EasyPost,"SF Bay Area",50,2020-04-13,25,Logistics,"Series A",12,"United States"
"Eat Just","SF Bay Area",40,2023-02-24,NULL,Food,Unknown,465,"United States"
"Eat Just","SF Bay Area",40,2023-09-22,NULL,Food,Unknown,465,"United States"
Eatsy,Singapore,20,2020-08-08,100,Food,Seed,1,Singapore
Eaze,"SF Bay Area",25,2022-06-01,NULL,Consumer,"Series D",202,"United States"
Eaze,"SF Bay Area",500,2024-10-07,100,Consumer,"Series D",202,"United States"
Ebanx,Curitiba,340,2022-06-21,20,Finance,"Series B",460,Brazil
Ebanx,Curitiba,62,2020-05-27,8,Finance,Unknown,30,Brazil
eBay,"SF Bay Area",1000,2024-01-23,9,Retail,Post-IPO,1200,"United States"
eBay,"SF Bay Area",500,2023-02-07,4,Retail,Post-IPO,1200,"United States"
eBay,"Tel Aviv",20,2023-12-17,NULL,Retail,Post-IPO,1200,Israel
eBay,"Tel Aviv",20,2025-02-26,NULL,Retail,Post-IPO,1200,Israel
eBay,"Tel Aviv",200,2025-05-28,NULL,Retail,Post-IPO,1200,Israel
Ecobee,Toronto,47,2020-03-26,10,Energy,"Series C",149,Canada
"Eden / Managed By Q","New York City",40,2020-04-08,40,"Real Estate","Series B",40,"United States"
Edgio,Phoenix,134,2023-06-06,12,Infrastructure,Post-IPO,462,"United States"
Edgio,Phoenix,80,2024-03-04,10,Infrastructure,Post-IPO,462,"United States"
Edgio,Phoenix,95,2022-12-13,10,Infrastructure,Post-IPO,462,"United States"
Edifecs,Seattle,30,2023-01-20,NULL,Healthcare,Unknown,1,"United States"
"Editas Medicine",Boston,NULL,2023-01-09,20,Healthcare,Post-IPO,656,"United States"
Edmodo,"SF Bay Area",NULL,2022-08-16,100,Education,Acquired,77,"United States"
eGym,Munich,100,2020-04-02,25,Fitness,"Series D",109,Germany
"Eigen Labs",Seattle,29,2025-07-08,25,Crypto,Unknown,234,"United States"
"Eight Sleep","New York City",NULL,2020-03-23,20,Retail,"Series C",70,"United States"
"Eightfold AI","SF Bay Area",90,2023-02-03,15,HR,"Series E",396,"United States"
Ejento,"SF Bay Area",84,2020-03-19,100,Recruiting,Unknown,NULL,"United States"
Elastic,"SF Bay Area",NULL,2022-11-30,13,Data,Post-IPO,162,"United States"
Electric,"New York City",141,2023-02-13,25,Other,"Series D",212,"United States"
Electric,"New York City",81,2022-08-30,NULL,Other,"Series D",212,"United States"
"Electriq Global","Tel Aviv",NULL,2025-02-21,100,Energy,Unknown,8,Israel
"Electronic Arts","Baton Rouge",200,2023-02-28,NULL,Consumer,Post-IPO,2,"United States"
"Electronic Arts","SF Bay Area",300,2025-04-29,NULL,Consumer,Post-IPO,2,"United States"
"Electronic Arts","SF Bay Area",670,2024-02-28,5,Consumer,Post-IPO,2,"United States"
"Electronic Arts","SF Bay Area",780,2023-03-29,6,Consumer,Post-IPO,2,"United States"
Element,London,NULL,2022-12-25,15,Other,"Series B",96,"United Kingdom"
"Element AI",Montreal,62,2020-05-04,15,Other,"Series B",257,Canada
"Element Analytics","SF Bay Area",10,2020-03-25,NULL,Data,"Series A",22,"United States"
Elementor,"Tel Aviv",60,2022-06-15,15,Media,Unknown,65,Israel
Elinvar,Berlin,43,2022-10-21,33,Finance,Unknown,30,Germany
Elliptic,London,NULL,2020-04-09,30,Crypto,"Series B",40,"United Kingdom"
"Embark Trucks","SF Bay Area",230,2023-03-03,70,Transportation,Post-IPO,317,"United States"
"Embark Vet",Boston,28,2023-04-28,NULL,Healthcare,"Series B",94,"United States"
"Embark Vet",Boston,41,2023-01-11,NULL,Healthcare,"Series B",94,"United States"
Embroker,"SF Bay Area",30,2022-10-25,12,Finance,"Series C",142,"United States"
"Emma Sleep",Frankfurt,200,2024-06-19,18,Retail,Acquired,NULL,Germany
Emotive,"Los Angeles",30,2022-07-07,18,Marketing,"Series B",78,"United States"
"EMX Digital","New York City",100,2023-02-13,100,Marketing,Unknown,NULL,"United States"
"Engine eCommerce",Fayetteville,NULL,2020-06-28,100,Retail,Unknown,4,"United States"
Enjoei,"Sao Paulo",31,2023-01-20,10,Retail,Unknown,14,Brazil
Enjoy,"SF Bay Area",400,2022-06-30,18,Retail,Post-IPO,310,"United States"
Enovix,"SF Bay Area",170,2024-05-06,33,Energy,Post-IPO,516,"United States"
Enovix,"SF Bay Area",185,2023-10-05,NULL,Energy,Post-IPO,516,"United States"
"Enphase Energy","SF Bay Area",350,2023-12-18,10,Energy,Post-IPO,116,"United States"
"Enphase Energy","SF Bay Area",500,2024-11-11,17,Energy,Post-IPO,116,"United States"
Envato,Melbourne,100,2022-06-02,NULL,Marketing,Unknown,NULL,Australia
Envoy,"SF Bay Area",58,2020-04-14,30,HR,"Series B",59,"United States"
"Epic Games",Raleigh,870,2023-09-28,16,Consumer,Unknown,6400,"United States"
Epicery,Paris,NULL,2024-12-31,100,Food,Acquired,7,France
EQRx,Boston,NULL,2023-02-24,18,Healthcare,Post-IPO,1900,"United States"
Equitybee,"SF Bay Area",24,2023-02-08,25,Finance,"Series B",85,"United States"
Equitybee,"SF Bay Area",25,2022-10-31,20,Finance,"Series B",85,"United States"
EquityZen,"New York City",30,2022-10-31,27,Finance,"Series B",11,"United States"
Ericsson,Stockholm,8500,2023-02-24,8,Other,Post-IPO,663,Sweden
Ermetic,"SF Bay Area",30,2023-01-23,17,Security,"Series B",97,"United States"
Eroad,Auckland,200,2023-07-28,31,Transportation,Unknown,46,"New Zealand"
Eruditus,Mumbai,40,2022-06-04,NULL,Education,"Series E",1200,India
Esper,Seattle,NULL,2023-01-10,21,Other,"Series A",10,"United States"
Esper,Seattle,NULL,2022-06-23,12,Other,"Series A",10,"United States"
Etermax,"Buenos Aires",40,2022-11-30,NULL,Other,Unknown,NULL,Argentina
"Ethos Life","SF Bay Area",18,2020-06-05,14,Finance,"Series C",106,"United States"
"Ethos Life","SF Bay Area",40,2022-06-24,12,Finance,"Series D",406,"United States"
"Ethos Life","SF Bay Area",50,2023-02-21,NULL,Finance,"Series D",406,"United States"
eToro,"Tel Aviv",100,2022-07-05,6,Finance,Unknown,322,Israel
Etsy,"New York City",225,2023-12-13,11,Retail,Post-IPO,97,"United States"
Eucalyptus,Sydney,50,2022-07-22,20,Healthcare,"Series C",69,Australia
"Euler Motors","New Delhi",NULL,2023-04-11,10,Transportation,"Series C",92,India
Eurora,Tallinn,111,2023-09-11,NULL,Other,"Series A",42,Estonia
Eventbrite,"SF Bay Area",100,2024-08-07,11,Consumer,Post-IPO,557,"United States"
Eventbrite,"SF Bay Area",500,2020-04-08,45,Consumer,Post-IPO,332,"United States"
Eventbrite,"SF Bay Area",80,2023-02-28,8,Consumer,Post-IPO,557,"United States"
Eventus,Austin,NULL,2023-05-05,33,Finance,"Series B",45,"United States"
EverBridge,Boston,200,2022-11-08,NULL,Other,Post-IPO,476,"United States"
EverC,"Tel Aviv",16,2024-07-17,10,Security,Unknown,61,Israel
Everlane,"SF Bay Area",227,2020-03-27,NULL,Retail,Unknown,18,"United States"
Everlane,"SF Bay Area",30,2023-01-05,17,Retail,Unknown,176,"United States"
Everlaw,"SF Bay Area",NULL,2023-05-12,10,Legal,"Series D",298,"United States"
Everledger,Brisbane,NULL,2023-05-08,100,Crypto,Unknown,27,Australia
Evernote,"SF Bay Area",129,2023-02-17,NULL,Consumer,Acquired,290,"United States"
Everquote,Evansville,100,2023-07-11,NULL,Finance,Post-IPO,53,"United States"
Everybuddy,"Tel Aviv",NULL,2024-02-13,100,Consumer,"Series A",15,Israel
EVgo,"Los Angeles",40,2023-02-23,NULL,Transportation,Post-IPO,400,"United States"
Evolve,Denver,164,2023-05-29,14,Travel,"Series F",224,"United States"
Evolve,Denver,175,2023-09-12,20,Travel,"Series F",224,"United States"
Exabeam,"SF Bay Area",NULL,2023-10-25,20,Security,"Series F",391,"United States"
Examedi,Santiago,45,2023-04-11,25,Healthcare,Unknown,19,Chile
